INSERT INTO "d1_migrations" VALUES(1,'0000_init.sql','2025-10-22 18:17:01');
INSERT INTO "d1_migrations" VALUES(2,'0001_add_emailVerified.sql','2025-10-22 18:17:01');
INSERT INTO "d1_migrations" VALUES(3,'0003_add_google_sso.sql','2025-10-22 18:17:02');
INSERT INTO "d1_migrations" VALUES(4,'0004_add_passkey_credentials.sql','2025-10-22 18:17:02');
INSERT INTO "d1_migrations" VALUES(5,'0005_add_opennext_cache_tables.sql','2025-10-22 18:17:02');
INSERT INTO "d1_migrations" VALUES(6,'0006_add_credit_billing_system.sql','2025-10-22 18:17:03');
INSERT INTO "d1_migrations" VALUES(7,'0007_add_update_counter_and_payment_intent_id.sql','2025-10-22 18:17:03');
INSERT INTO "d1_migrations" VALUES(8,'0008_add_multi_tenancy.sql','2025-10-22 18:17:04');
INSERT INTO "d1_migrations" VALUES(9,'0009_bakery-schema.sql','2025-10-22 18:17:04');
INSERT INTO "d1_migrations" VALUES(10,'0010_add-inventory-stripe.sql','2025-10-22 18:17:04');
INSERT INTO "d1_migrations" VALUES(11,'0011_seed_products.sql','2025-10-22 18:17:05');
INSERT INTO "d1_migrations" VALUES(12,'0012_add-loyalty-program.sql','2025-10-22 18:17:05');
INSERT INTO "d1_migrations" VALUES(13,'0013_add_product_customizations.sql','2025-10-22 18:17:05');
INSERT INTO "d1_migrations" VALUES(14,'0014_add-payment-status.sql','2025-10-22 18:17:06');
INSERT INTO "d1_migrations" VALUES(15,'0015_add_user_loyalty_fields.sql','2025-10-22 18:17:06');
INSERT INTO "d1_migrations" VALUES(16,'0016_remove_loyalty_customer_table.sql','2025-10-22 18:17:07');
INSERT INTO "category" VALUES('cat_2tdLW2HVrEFaYPg1vxdKKC',1761066405,1761066405,0,'Cookies','cookies','Handcrafted cookies made fresh daily',1,1);
INSERT INTO "category" VALUES('cat_2tdLW2HVrEFaYPg1vxdKKD',1761066405,1761066405,0,'Gift Boxes','gift-boxes','Curated gift boxes perfect for any occasion',2,1);
INSERT INTO "category" VALUES('cat_2tdLW2HVrEFaYPg1vxdKKE',1761066405,1761066405,0,'Cakes','cakes','Custom cakes for celebrations',3,1);
INSERT INTO "category" VALUES('cat_2tdLW2HVrEFaYPg1vxdKKF',1761066405,1761066405,0,'Custom Orders','custom-orders','Custom baked goods made to order',4,1);
INSERT INTO "product" VALUES('prod_miib6ur4c97uix2f335eok6q',1761066405,1761066405,0,'Cookie Gift Box','A delightful assortment of our signature cookies, perfect for gifting.','cat_2tdLW2HVrEFaYPg1vxdKKD',1800,NULL,'active',0,NULL,NULL,0,NULL,NULL);
INSERT INTO "product" VALUES('prod_g4fix1glehhdsldozc8uk8y1',1761066405,1761066405,0,'Whiskey Rye Salted Chocolate Chip Cookie','Rich chocolate chip cookie with a hint of whiskey rye and sea salt.','cat_2tdLW2HVrEFaYPg1vxdKKC',400,NULL,'active',0,NULL,NULL,0,NULL,NULL);
INSERT INTO "product" VALUES('prod_hkmlajg97zagaxnosypawmt3',1761066405,1761066405,0,'Cinnamon Roll Cookie','All the flavors of a cinnamon roll in cookie form.','cat_2tdLW2HVrEFaYPg1vxdKKC',400,NULL,'active',0,NULL,NULL,0,NULL,NULL);
INSERT INTO "product" VALUES('prod_hba1q7p7v4j3h1d3nim7l95g',1761066405,1761066405,0,'Cowboy Cookie','Hearty cookie loaded with oats, chocolate chips, and coconut.','cat_2tdLW2HVrEFaYPg1vxdKKC',400,NULL,'active',0,NULL,NULL,0,NULL,NULL);
INSERT INTO "product" VALUES('prod_gsbgnuryl38lx9xdg6o36rcl',1761066405,1761066405,0,'Treasure Cookie','A treasure trove of flavors in every bite.','cat_2tdLW2HVrEFaYPg1vxdKKC',400,NULL,'active',0,NULL,NULL,0,NULL,NULL);
INSERT INTO "product" VALUES('prod_o2rlgl1hxyf8qd07sw0mnzlm',1761066405,1761066405,0,'GA Bar','Delicious bar cookie with a perfect blend of sweet and savory.','cat_2tdLW2HVrEFaYPg1vxdKKC',400,NULL,'active',0,NULL,NULL,0,NULL,NULL);
INSERT INTO "product" VALUES('prod_bmi5vwtntfi3u3mrxx8cz969',1761066405,1761066405,0,'Banana Chocolate Chip Cake - 6"','Moist banana cake studded with chocolate chips.','cat_2tdLW2HVrEFaYPg1vxdKKE',4500,NULL,'active',0,NULL,NULL,0,NULL,NULL);
INSERT INTO "product" VALUES('prod_ju009qeqref6krk32myrhvw3',1761066405,1761066405,0,'Banana Chocolate Chip Cake - 9"','Moist banana cake studded with chocolate chips.','cat_2tdLW2HVrEFaYPg1vxdKKE',4500,NULL,'active',0,NULL,NULL,0,NULL,NULL);
INSERT INTO "product" VALUES('prod_y204x38x9hzf86t2fh4nksqj',1761066405,1761066405,0,'Oreo Chocolate Cake - 6"','Rich chocolate cake with Oreo cookies baked in.','cat_2tdLW2HVrEFaYPg1vxdKKE',4500,NULL,'active',0,NULL,NULL,0,NULL,NULL);
INSERT INTO "product" VALUES('prod_v12ntf8n5bkp9ndlch7sbytg',1761066405,1761066405,0,'Oreo Chocolate Cake - 9"','Rich chocolate cake with Oreo cookies baked in.','cat_2tdLW2HVrEFaYPg1vxdKKE',4500,NULL,'active',0,NULL,NULL,0,NULL,NULL);
INSERT INTO "product" VALUES('prod_ktlreowbndh13drzvkflnpsx',1761066405,1761066405,0,'Custom Cake','Create your own custom cake. Contact us for pricing and details.','cat_2tdLW2HVrEFaYPg1vxdKKF',0,NULL,'active',0,NULL,NULL,0,NULL,NULL);
INSERT INTO "sqlite_sequence" VALUES('d1_migrations',16);
